{"cameraMode":{"drawMode":0,"name":"Shaded","section":"Shading Mode"},"sceneLighting":true,"audioPlay":false,"sceneViewState":{"showFog":true,"showMaterialUpdate":false,"showSkybox":true,"showFlares":true,"showImageEffects":true,"showParticleSystems":true},"in2DMode":false,"pivot":{"x":0.3653913140296936,"y":0.9126400351524353,"z":90.0},"rotation":{"x":-0.08598984777927399,"y":0.7689356803894043,"z":-0.10585913062095642,"w":-0.6246105432510376},"size":19.242141723632814,"orthographic":false}